x1,x2,y
2.347638620381638,0.7834335895490805,0
1.0283485640588808,-0.8153091576087395,1
1.6504979577604715,0.31529382363340697,1
-0.5467615949402461,0.5509131550975209,0
0.8228388612074921,0.9366150934350156,1
1.9602491685580186,0.24436698453710592,0
-0.09825287527524286,0.9598279030810644,0
1.5059850115882225,-0.6879450768953028,1
-0.6396924047890269,0.7765255178446259,0
0.9721886134089095,-0.7079913000139527,1
0.6536839186110702,-0.3511370729788839,1
1.8727450464862496,-0.1911480747454024,1
0.8781224638898582,-0.6710175017771397,1
0.32078219992719226,-0.02395773587197686,1
-2.035884210353367,0.8672145618312038,1
0.9571064797253952,0.3398035155435069,0
-0.7325176167243236,0.03487183806030408,0
0.6633230448020162,-0.8038112953491345,1
0.5938811670122215,-1.387050356923102,0
-0.36041730280371875,0.7897195601935745,0
-0.493697650808986,1.2487004307032277,0
0.5399237186459185,0.6208792869396653,1
-0.07731913482148986,0.007336317101933859,1
-0.5533892085613229,0.9980922119354904,0
0.4335974166741657,0.679007774067597,0
0.6191262206522644,1.172443215754153,0
-0.3489384363760859,1.9964021203151119,0
-0.5833221498604364,0.5441350526885668,0
-0.5529649527396894,1.0808739502866185,0
-1.0395116189580873,0.20689301690477035,0
-0.3611218743394764,0.2970233101449943,0
0.8789125929845217,-0.4497793763318966,1
-0.24442195563527142,0.18124693960599744,1
0.18876235056889934,-0.2438956647830307,0
0.013371230130073741,0.7258099302554425,0
-1.3941662183767716,0.869388192911719,1
-0.09964014001502619,0.7084880504284417,0
0.2977003205716724,0.4975393599749224,1
0.039368855770499214,0.6138541404716329,0
0.035625650657983496,0.0659502017616222,1
1.340650159016712,0.10042865359022465,1
0.7401774631750757,-0.004235718364396512,1
1.9332134731976804,-0.04306932847635035,1
0.20676752239208102,0.9461176197802167,0
0.8722849276365406,-0.565224809483486,1
-0.09612535602271406,1.1084090410898022,0
-1.9696441815012289,-0.26665895453884736,1
-1.1217966996105413,0.12753912509422366,1
0.6448402395299075,0.1670551811561426,0
2.4383680693631997,1.1796301855363451,1
0.4513990146785902,-0.0036117114383680538,1
2.26575939539804,0.43615754768196313,1
-0.46010663685025177,1.0962223609301678,0
0.27466292274874426,0.7400230403508135,0
2.109135358661185,0.10701835666180237,1
-1.7618941709461022,1.104379964463693,1
1.7299378637557952,-0.4143025340743765,1
1.8736278300478895,0.5804944668719141,1
2.0351826882169526,-0.6258815228390245,0
-0.6559874140518538,1.2380052897284983,0
-0.11506112583907002,1.032505175385279,0
-1.2680066977479738,0.7270930109116432,1
0.289707944673395,1.1527248698556183,0
2.313246481878326,2.2560927508173467,1
2.01109203775233,0.7409227575717574,1
1.6539330970527502,-0.3679164421414759,1
1.2702324251382509,0.09344507778773592,0
-0.7916433201012336,0.1264207501767467,0
-0.6794006846673618,1.9682612693003336,1
-1.2574754966573867,0.6850552722289924,1
-0.8298621988471068,0.9895007976578278,0
0.6845489240300372,0.44914819448152654,0
1.7475909260323248,0.19532648853683282,1
0.476742312478021,-0.022404599759696997,0
0.6498391111705413,0.5684293460448058,0
-0.6736677779021907,0.5683788258530577,0
-0.10476362968564712,1.6206188441290474,1
1.2489536280504445,0.6947775173323523,0
0.8285696766364059,-0.4567695227287726,1
0.6139089998107784,-0.6162202167916337,1
1.4831446717945536,0.06503937866381086,0
0.881536571718453,0.5715910961338193,1
-0.3856358956761117,-1.1620067888850116,0
1.0284375896930165,0.8206974220722538,0
-0.8785350401065821,0.17016486256470043,0
1.4059529514441849,-0.4889107813307738,1
2.375593635763011,0.11655047708840643,1
0.40167702235851976,0.8322607690220245,0
1.5085484827557805,-0.15466257412840756,1
0.13896773795098377,0.6923126043927847,1
-1.1126304491255845,0.4620916106611642,0
-1.1864495379640978,0.34788115857912183,0
0.29176990629476646,0.7598235071831068,0
-1.976252977949987,-0.8356363760574919,1
1.7080992519526976,-0.6104327201352597,1
-0.8035631789435996,-0.07649493686124154,1
-0.641044657420877,0.4201261571514159,0
2.8683348294664084,-1.956837237730365,0
-0.37052374267292437,1.1148635984166042,0
0.859044327342456,0.6776682547205704,0
-0.7627786840001429,0.19446353921637993,0
0.843729805470664,0.848791296945129,0
0.3659651119945625,0.06401655928274366,1
1.1632418864302307,0.7950817642394048,0
0.7408268526762583,-0.3751559983753213,1
0.16158980058711891,-0.37452679716593695,1
1.698407883907296,0.13208899020178505,1
-0.25311966186823653,1.848458074357989,0
1.9286312785937116,0.32864042994394427,1
1.3947037012331878,-0.8540809317493252,1
1.5799938787628758,0.5462906483427523,1
0.7872700479797501,-0.17997424199265644,0
1.0573358630149228,0.7833090241360448,0
-0.1035598679204941,0.18677932440016692,0
0.14056479342553732,0.402071746375909,1
1.9624944737500396,-0.611420347649259,1
0.3308757734882414,1.0600618700318254,0
0.6292655933623322,0.6358647704529924,0
0.18475936468711585,-0.14561359991444234,1
0.0819192689958862,1.0864797614425432,0
-1.060718154564888,0.37123135129362156,0
1.110131087199615,-0.6312828700695695,1
1.483801171171933,-0.8650605888444198,1
1.959461228450766,0.13981414955766552,1
-0.9859863013432859,0.7263701337716245,0
2.2335259994123158,0.9900879572598464,0
0.018428570060923438,1.2364440897951081,0
1.0634612772397767,0.9496602028861858,0
0.06348193355701692,-0.26001440676370136,1
-0.5530062874913596,1.2955850812096803,0
-0.17347269290632883,1.4061042882299764,0
2.187512366322936,0.17900061609912887,1
-0.6138611795726954,2.9764330163622557,1
-0.7639977991474496,0.1441034551754099,1
1.936339117429153,-0.30114562375121035,1
0.13302480860817958,0.3776405983227242,1
0.09274012753500877,0.2188694051925927,1
0.6159232749425817,1.7419458153006429,1
-0.6680157234275286,0.7739028285005086,0
0.8972500579381223,-0.410258609140671,1
2.1725882634849927,0.11304248746959104,1
-0.24839634629108653,0.3516176348246335,1
-0.38183871491646154,0.690320866197835,0
-0.3217960354220298,0.23328511776394206,1
0.17446284406248946,-0.2716729691302981,1
-1.336743984707509,0.4853848925067634,0
0.023787522132513228,0.17309636815183752,1
-0.009909897590019881,0.15437206145195234,1
-1.0432037058147006,-0.16155065693909304,0
-0.1964599893454606,0.4561550939968543,0
2.1292399268868567,-0.2604833116194085,1
0.017057559527393268,1.116827741856415,0
0.21095777584240294,-0.2647754266230258,1
0.3911948871401782,0.7886312870228259,0
1.7753024187599076,-0.490255470408456,1
-0.5131265140602748,1.2101380828266297,0
-0.36799845225365974,0.9982644883856928,0
-0.4940897000350656,1.433618094838675,1
1.006552569575355,-1.1565521198853324,0
-0.38250028623385657,0.08003220717796411,1
2.013639580330296,0.013486361704835942,1
1.0203648095283129,-0.6008626953244167,1
1.6764247551980587,-0.4939199706365709,1
1.4061704975535108,1.875551137168375,1
0.14812010037329065,1.1691202652696782,0
0.41215964192687515,-0.12428169648710796,1
0.9045354463124579,0.7200252307087079,0
0.45339091692780137,1.3530635293092779,0
0.6857884958205968,0.13559903993525668,1
0.894431484944069,0.21300858004582177,0
0.08185695055903752,-0.3833713450199103,1
1.431597142724664,-0.17856028107404642,1
0.6391585676237382,0.9706175272546806,0
-1.0164608864205542,1.6397686035835108,1
0.2210681780375815,1.005341217608728,0
-1.1047175510838663,0.2560198504472451,0
0.8677365464783995,0.7760608336641927,0
2.1702944028715687,0.3691605285764057,1
0.42928658784754536,0.21992386665525904,0
0.05316066425194699,0.1695114056460758,1
0.17777789981658776,0.33974517644429175,1
-0.33291616521768286,-0.8858186421787088,0
-0.03833110520974481,2.922807986148384,1
-0.34863007394661194,-1.1839352396363192,0
-0.36332509724386475,-1.441033275537741,1
1.589771041148343,-0.5434818240479898,1
0.23935529345336093,0.7721340375018488,1
0.25056450372065414,-0.4541773827014308,1
-0.6673474522104866,1.043680654746841,0
0.5466248184155373,-0.9164052153474054,1
0.3546177056821431,-0.35449319507876975,1
-0.1771654784713943,1.676517765368657,0
1.2004482373437124,-0.2590182663778359,0
1.0050480073283732,-0.6393502838948864,1
-1.9850512330838763,0.23147596326307557,1
-0.01623846495365433,0.9251652392417594,0
0.8876919444394916,0.6129460685227286,0
1.1963151880680172,-0.8474180513529722,1
1.2751872631315342,-0.2444677277182417,1
0.33991230091664915,1.2973809886164271,0
0.8419433222526138,-0.40942511875253573,1
1.1299892298058816,-0.17454183426877007,1
0.19661919794492877,0.9703469816656567,0
1.2102892540015664,-0.5941524622750645,1
2.358424054488586,-0.20625616599244206,0
0.6791234784805089,-0.155292934340171,1
0.400479380385075,-0.22173195732905854,1
0.01753485096252133,-0.04751058417422009,1
0.8146648166988971,1.1171138410862327,0
1.864297788336721,0.3308446057634612,1
1.4736564505993703,1.1872531776281656,1
-0.7582320597039232,-0.24258213366450107,0
-0.8040090847357309,0.9831331128156618,0
2.854648252087646,-0.01624216192098915,0
0.0808290872540891,-0.3381893312539771,0
2.7910521991771233,-0.333103799940483,1
0.005466201957478507,0.8389805857723908,1
0.5126234875205844,1.039235756209114,0
-0.02116770081398231,0.09994222678286145,1
-1.3284043959524379,1.8919360748424148,1
1.6767417081319866,0.3426636152449607,1
2.1722099737982967,-1.0853014439399202,0
1.3281373691341545,-0.27937246344593825,1
1.6800996970680162,-0.46648778663298146,1
0.11399201385804483,1.3583793700183504,0
-0.7721600575289786,0.49626304076890854,0
-2.18187818489249,-1.613734572081748,0
1.1684683372482438,0.564181358168643,0
0.5319518249987852,1.0950051000838363,0
0.3279355260388493,0.3299476904986024,1
-0.37575330476932156,1.2654960489992542,1
0.46021923138365073,0.21518710613106756,0
1.330731148069368,0.05431092313938657,1
-0.361672771002023,0.19539069884562263,1
1.0527246489666091,-0.5768586983807791,1
-1.9564420640914606,-0.49963606771577074,1
1.1027867331285195,-0.1020133786622876,1
-1.5179203228072886,0.1237684292816425,0
2.014290442149976,0.750066076058804,1
0.7530966788877989,-0.4960538986793685,1
-0.8121180011081048,1.2967078482304246,1
-0.18189922216028886,0.383556495685774,0
2.8808609346225476,-0.6689225477602232,1
0.5342814395870606,-1.0125304634619408,0
1.469012814985572,1.4100000965633526,1
-1.0044020714006543,0.42776869699554354,0
0.06398031000305039,-0.11116681275184706,1
0.8896667621372656,-0.7402937130286302,1
1.1886320181599803,0.170076721875856,0
0.927457567910402,-0.4651904279989193,1
0.31765814912534496,0.6692414776591573,0
-0.5413742639503379,0.523881599584701,0
-0.3604847949306018,0.9052468185529843,0
1.0370603628863593,0.17330488366319852,1
1.3804528357320847,-0.4411268397327794,1
1.7159777437028165,-0.4713382384882095,1
0.3109973719752216,0.21353847919129387,1
-0.48059023512831067,-0.30265796491960656,1
0.622464362841768,1.3756673066822724,1
2.28918563273406,0.4392994205955836,1
-0.6079584580082806,0.9712557210587063,1
-0.14697282996056232,0.6382365875303906,0
1.8128687261893512,-0.42601108474360483,1
0.4051212946556194,3.7697204507338125,0
-0.29941521072855215,-0.21561741434978635,0
0.6512371534534951,-0.6023798151836192,0
-0.5161450264081386,0.03187543206886756,0
-0.9322190205023291,-0.0699630435135164,0
1.6316491955296657,-0.806564936895235,1
-0.6319487787230518,0.46262429282250306,0
-1.0874130763243466,0.1605694926000717,0
0.08640551756847048,-0.8087859699017238,0
-0.36837992469376607,0.3895605693742997,1
1.0429166510509202,-0.8680821121619946,1
0.1336376972767666,0.9979631004108163,0
1.0827890756302825,0.01004510152052801,0
0.6287425767630519,-0.32158313875362443,0
0.5411175378542313,1.2308830602677099,0
-0.5484040744398707,0.6478270277799545,0
0.350456257720093,0.795156427362362,0
1.593007608369538,-0.17403483559179578,1
0.668244967827505,-0.5321008574907877,1
0.331169833505623,0.6854287729353901,1
0.5403990873783865,-0.947909390182281,0
0.25782074235654223,0.5166464034211345,1
1.7600052925715381,0.2647321771861847,1
-0.13333081537079572,0.43877959254228477,0
0.8817400262727394,0.030220275719983647,1
0.36117958951673046,0.11263998754054327,1
1.8135879113652504,-0.2839987735040953,1
-0.8943349632788667,1.0541276161390658,1
1.764610877099019,0.4051910300581984,1
-0.25646847933033345,0.6812358964182506,0
2.315314257810601,0.03449289654526283,1
0.7321107369033633,0.14897081374858095,0
0.46433172038789416,-0.8611377926797201,0
-0.833363469796753,0.8300434361703464,0
1.4326739940490292,-0.22829077162798922,1
0.3971696240490424,-0.29173379401190735,1
2.080022606606257,0.3460744454433103,1
0.45039012658059585,-0.6818623076643828,1
1.2621944627380672,-0.45856531911348614,1
0.3929425860960998,1.1055968104752791,0
1.7873014748993494,0.06304031952656092,1
0.6074701858878416,-0.14669264768447132,1
0.9931391623664612,-0.46858952435276735,1
1.1909689586219856,-0.49214338635368277,1
0.8444747171541439,0.4552737476827906,0
0.8292460212691132,0.6357853136819218,0
0.7180401240766057,-0.2557308257604184,1
0.32088973935786214,0.8351099063748793,0
0.10400170759959126,1.259450927931704,1
-1.1085480465256528,0.8560101821173955,0
1.0720463882637934,0.9822605865785642,0
-0.053664270357614334,1.0493912921170752,0
0.06857816826037655,0.7616781841334022,0
0.15384431468693177,-0.09747813480255652,1
0.5756014219050186,-1.4906057804096406,0
0.02865120447339456,-0.2259666954449303,1
2.0940983921465306,0.25932488364443085,1
-0.2496408697947487,-0.2629120549243652,1
0.8473243058860875,-0.2487487444049607,1
-0.8587197615289248,0.17038917736057757,0
-0.8649718220792183,-0.3206246552803805,0
1.6716315480185469,0.19692223274532064,1
-1.1572263792267807,0.15654901880004723,0
0.08265741652591654,-0.2329358895976717,1
0.046732234377439855,0.8136678890548557,0
1.4173587555614835,-0.5967743583033261,1
0.32587842824386054,0.7645714571279086,0
-0.9090884507195371,1.0788938922180566,0
1.1248267324143233,0.5826597827853931,0
0.738511701582306,-0.020776941387966562,0
-0.09240469117069758,1.245523998502399,0
1.1746392312265566,-1.3094611600248114,0
-0.4116146005455674,0.6214245606132274,0
0.4143592105113728,0.09768433282641203,1
0.4213414352729369,0.859814349508182,0
1.7286288468900848,-0.06670556538659222,1
1.2057654321915605,-0.057975158994545556,0
0.9223539730123758,1.4913027017655827,0
0.45591430433771796,2.12007831410974,1
0.11459430243147278,0.09661607173505582,1
0.1152234084893285,-0.3199629530401194,1
0.30281788153011385,0.13794851274887307,1
-1.2965505627978762,0.5818272928812211,0
0.03198211325625369,-0.7313096108343332,1
-0.6344749769292257,0.5441349760901424,1
1.9917606414030813,-0.48823891032769096,1
-0.8937158542396654,0.7678199155538904,0
0.20408600824964637,1.2044248579759596,0
0.3972074325698298,1.3026262510892304,0
1.0605522304861446,0.3306176632938379,0
-0.35038888595647144,1.0238314649558102,0
-1.2947295725683032,0.09426115830530152,0
0.99193352170049,0.6745456020452893,0
-0.1541210314703834,1.0178072346413298,0
0.3312989101404519,-0.874374651908679,1
0.2918259009807461,-0.03691893496844589,1
0.7134537181693803,-0.04750323734171763,0
-0.35918085751964324,-0.21578904834616774,1
0.32541397538570493,0.789831760234367,0
0.87903587607092,0.41167037455844424,0
1.6418534443920967,-0.7371295637954345,0
1.9215600196899905,0.1894771070566013,1
1.5957902408201594,-0.042548028913545144,1
0.9998395067063275,0.13730443837540393,0
1.4069775632346668,-0.1629718496114877,1
0.13328419153146567,-0.1834157478556306,1
0.5403482742416222,0.38258349876949665,1
-0.7893862962534247,0.3668588093096766,0
1.6010957212423975,0.009680711615784751,1
1.8303761617974248,-0.2752838400301789,1
-1.1184659109899024,-0.07631096774516657,0
-3.2319097448538443,-1.1452466199126619,1
-0.46268647139418007,0.8312084730417195,0
1.4397851304733233,-0.4108574273768497,1
1.312941834192832,2.7541542390804015,1
0.7878010246836195,-0.26416413450929155,1
-0.010398514355423175,1.062732540997517,0
1.3088208680689815,-0.011015950138581254,0
2.284663205693355,0.27214995602938646,1
-0.7093158848311372,0.5474416508932775,0
0.41338177390813674,-0.3193276868486279,1
0.25504861923913535,-0.05532936882050911,1
0.9790294239710455,-0.5214698740336711,1
-0.8166763472383392,0.09470941618922729,1
0.20543852479908437,-0.4700647196014693,1
1.0094415673664647,0.6449119676549439,0
1.3540427603110008,-0.20640199797090508,1
-0.4703412420807931,0.42534239402134383,1
0.152522991187775,1.8077254855952747,1
1.251792523218898,-0.2604507441458703,1
-0.05350052844125834,1.1142972530673498,0
-1.2887816301397652,1.4654677489443846,1
2.1093787930121546,-0.1628598773555085,1
0.014974516092289059,0.8459997168313934,0
-0.5340165307430191,0.45048567809874446,0
0.26247569162801454,0.4638524470561252,1
-0.8961252455045458,-2.6640481236652125,1
-0.31507876772511556,1.6839429308849607,1
0.1240888783930707,-1.6029765651073853,0
0.464436262517258,0.6109623867433887,0
1.6395253347419,-0.5601538018071136,1
-0.4930648170941177,0.8527808370002149,0
0.41343419162371237,0.9097441330755432,0
0.0588875767228742,0.7446901069056252,0
0.6036454273458207,0.806829931467239,0
0.20145742615861606,-0.2455641786463962,1
0.5651073697136632,0.27448429929424356,1
-0.9678926558760049,-0.14052116642091564,0
-0.36119114916343725,1.0345609447164474,0
0.5421442830831719,0.23835326678459542,1
1.1087822720022618,1.135407795932674,1
-0.8101606942754056,0.9167356991798982,0
0.3118165387726845,0.0835113845140017,1
0.03126834652659549,1.1491262108596538,0
-1.3737788602702077,-0.021688960324606432,0
-1.0764276781496875,0.027585648172861854,0
-0.9325940721054489,1.8741847361913098,1
1.0066130921157241,-0.31541150550355884,1
0.8002375738029184,0.8024667179141192,0
2.444605067952743,0.02770634984157061,1
0.06319288586897061,0.03767268995390323,1
-0.7086948125540247,0.018208985440363715,0
1.4717523540352258,0.4437408076243612,1
0.05037116616205939,-0.18428739802415744,1
0.48801097851825725,-0.7808506126724111,1
0.20387685821227525,-0.05471389696924431,1
1.8811196983606464,-1.2579426023976175,1
-0.695847608264949,0.25078824244546577,0
0.5561430819322455,0.8617846942285633,0
-0.6630442735345039,2.295187483649894,1
1.1361157572476892,0.3947822478950118,1
-0.6472918348683256,0.6207881537139381,0
-2.376825705581169,0.4457844541173012,1
1.2144151210553848,-1.243450639361527,1
0.16466990878844698,0.7226441112861501,0
0.5729940550604714,0.8351636892736795,0
0.9617302727576081,0.5174523279539887,0
-1.0138710623149287,0.4151986546836991,0
1.7450565017785598,-0.30977754100738536,1
0.8554418024169658,-0.7285593184285277,1
0.2366711450839366,0.16571985017258306,1
1.099757855569002,-0.47639274093637446,1
0.027734528499935022,0.14911473925559787,1
0.06536014641141374,-0.6261608699994688,1
0.38205443665783645,-0.2116436455869033,1
0.2802321723629473,0.07886342057562698,1
0.9150643540417855,0.1833393256659156,0
0.6911830143276337,-0.5778122484753546,1
-0.009291309216064136,-0.03987213160201017,1
-1.3192386777942635,0.7707422915585946,0
1.8405684395607746,0.015430625288770636,1
1.5170639706143374,-1.5505801993400572,0
-2.6522589144894764,1.1852252134661974,1
0.39461713034557433,0.8592674846163328,0
1.5564007871198922,0.21249573463891835,1
1.5294876653102654,-0.2593802444585618,1
0.029358354210128876,1.4507279741451986,0
-0.9540229180131259,0.15168489641077296,0
0.08359301655384405,0.9019413835589655,0
-0.5597655591354801,1.3967009129721286,0
0.774335400990777,0.6847319960224828,0
0.3652846113190362,-0.3710111355443845,1
-0.4682546134044569,0.5900949751112644,0
0.0058107780945943766,-0.06892717966700908,1
-0.18596322505709176,1.150203285080708,0
1.7157631342359456,-0.07762289014986565,1
2.1286299449386474,-0.2375364299149999,1
0.014392580171092184,-0.2576156773629024,1
0.9963117059717266,-0.36840404581156655,1
2.0286259011549768,0.1775217179694708,1
0.2465121506882088,0.7811648571069478,0
0.34885288256125574,-0.020244573529967363,1
0.7653567712878375,-1.167562107898483,1
1.0410278309846543,-0.13310546565537207,1
1.2082830959167699,0.3312391671217578,0
0.5219312397374434,0.8394758200957485,1
1.0757023942426662,0.5143187464688271,0
1.1318356535695646,-0.8230713742996334,0
-0.8025932417310652,0.06196140164320789,0
-1.0072345422871445,0.7411575859402896,0
-0.44552758569673095,0.8867815178470546,0
2.1875198950163903,0.05134928508759473,1
0.41380356252705086,0.9980207252978449,0
-1.1266172242760912,0.012205618787098943,0
0.6839521864494529,-0.23035834269424643,1
-1.0471876754173433,-0.2174371203214187,0
-0.5207636725306128,0.9924896909943335,0
0.5392140081381985,-1.1188527304771103,0
0.6457548808629194,-0.93532329755286,1
0.9707781862116279,0.4151868511924807,0
-0.6620745467398443,0.6725841661740641,0
0.6116846733165247,0.3531194216603274,0
-1.6878399204945604,0.7217699823478375,1
2.3958260569668277,0.23651590895260183,1
0.07865501210839632,0.21122911652052045,0
2.065049141796539,0.5026879849463644,1
2.247843158523878,-0.017765832858666675,1
0.9276494584963233,-1.1473336262961396,0
-0.6976506427090585,1.080991746517057,0
-0.9950702982379941,-0.32618464259219054,0
1.68380939649611,0.1595385909839579,1
2.3445972785256965,0.3880221084969768,0
-0.403094201155478,0.8624523046620524,0
0.35308021544681595,2.8192630196500894,1
-0.5687412708972301,0.9646099128188812,0
-1.377948513015288,0.36862325376445043,0
-0.047100356579317104,-0.4165920592747241,1
-1.0645742256184587,-0.04060035421772579,1
0.1438507442733491,-0.012015239653508147,1
-0.22237591365636877,0.5731843838462859,0
1.8992632644857659,0.6100887923488091,1
1.5562536165142038,-0.03551860782518104,1
2.9845700652950002,1.7431091424246172,0
0.37086414706725407,0.550266137589709,0
-0.6887361825023051,-0.004748836714883631,0
0.18124646687810392,0.6406445560291931,1
0.6445729361495431,0.528031077004872,0
0.16504976448030562,1.1578919724083252,0
1.4865282903445856,-0.14793011258170358,1
-0.10923276413699046,0.37918212249734073,0
0.4257504792768475,1.1957339301738008,0
0.7877355191369773,0.6734119012703629,0
1.864228150221867,-0.1478009117899426,1
-2.8140794776616045,0.6711729959991606,1
0.5253848156637089,0.39062555750684363,1
1.9591097689903871,-2.1303526472933916,0
0.4788732758499057,0.8348002594880521,0
0.8638345955587525,-1.7377268640894312,0
1.0357611179843684,-0.057455755350287616,1
-0.9338549835346763,0.7309995053597176,0
0.3901616986285326,-0.5644239392366206,1
-0.8539484064649041,1.0866469011123818,0
1.599340342797134,-0.6575594751262603,1
0.1188233430780744,-0.5545198868933211,1
0.10886957212479853,1.723710127794999,0
0.911682555676243,0.523131313694451,0
-0.8500123477632177,0.37487403749090226,0
1.702383720399219,0.04500728500690778,1
-0.8640117204203539,0.6003929472062949,0
2.0465398766505416,1.4604663678375824,1
2.1402899570815213,0.95850305565719,1
0.9696741343504474,0.1694475951162957,0
-0.6279671332452481,-0.004186057267417789,0
1.787222524371441,1.9252655632624043,0
1.52562675003616,-0.24155875071792698,0
-0.6852668324610025,0.5733360640812202,0
0.44937373121929447,-0.25915321525153473,1
-0.09424366184010796,0.1939170465285769,1
-0.07873327726356008,0.7582031096579143,1
0.25116558944106526,0.017030396716688073,1
1.0083842413416924,-0.279630580688268,1
0.7886627494021172,1.0031668391846145,0
0.9238131744720519,-0.5448481578596308,1
0.5483564952706039,-0.9917299657104809,1
1.9429714798005762,-0.07985888838660893,1
0.9978536837944795,0.6467695487334909,0
-1.1492091406225784,0.21108705832261565,0
0.5104998507608239,-0.39712806841207754,1
0.4980054771373479,-0.27864910432292483,1
3.2128573673708245,-0.31292612166530664,0
2.0468422307753555,0.15035321458837184,1
-0.8667717981691293,0.6919828825330774,0
-1.1586297176917648,0.4162944652493247,0
1.3329071370180436,-0.9922575123322276,1
0.3616312796125697,1.1995448881422566,0
1.5722059221363676,-0.40378996199105,1
0.09854934627639417,0.4320361815272003,0
1.1232221243612601,0.35721041465354847,0
3.1529462716532066,1.9061431124467503,1
-0.7688079780756125,-0.09364755835357848,0
0.18959238764822972,-0.18588388486092797,1
-1.175697071791357,0.13812703899774473,0
2.3206940250113837,0.12802753205940384,1
0.19570739054152567,-0.38972605277100547,1
-0.1584849808343463,0.7196772163577719,0
1.4844713050487461,-0.47637608911817375,1
-0.5210113490687599,0.562767799741601,1
1.171104456625403,-0.9259100719322046,1
-0.8267395578921316,0.6676230289663938,0
0.03593325542238612,-2.797445334658775,0
-0.23196795287463515,0.7829325697364389,0
-0.8625407360324275,0.737452774984718,0
4.293309290176995,-0.10267758958736962,1
-0.8018558361242552,1.1332417228972462,0
2.1545501898115864,0.4825504205861092,1
-0.6781294928973854,0.8168625054141069,0
0.8608720446798768,-0.48698104118300906,1
0.0690855754777927,-0.49270300800555195,1
-0.8924681455791745,0.22799558378942708,1
-1.3114494879691532,-1.2715974960315295,1
-0.02836040259454331,1.7285701702653498,1
0.7003684887442645,-0.19442153365034598,1
-0.5388190413006184,0.5489306685582243,0
0.6439525784942262,0.8251969457408093,0
1.916891737956467,-0.0015977625769365011,1
0.3411545718737071,0.7054666067012031,0
1.6282397732893057,-0.3282032749981337,1
1.145318109298683,-0.06356909909834046,1
0.21398362672327553,0.7893837164671815,0
1.2128062550177425,0.058187439681496034,0
0.3658918727372911,0.9523884425957212,0
-0.3009554470300026,1.6509889727553029,1
1.9274003208541508,-0.13087580550295025,1
-0.13716515080533964,0.8714307624266009,0
1.5609794927743625,-0.2076262279766704,1
-1.2808160009811407,-0.7014691215064957,1
-0.39339703235363094,0.07691078457448063,1
0.5470625233630222,-0.04111893229908814,0
-0.794998840396107,0.744785082869084,0
-0.585469344518396,0.6081136547990673,0
1.4591572531893542,-0.9547931073285159,1
0.6981597887026054,0.4628577597386195,0
1.3824402091533976,0.20893825449544665,0
-0.9615273102640063,0.7286240011180922,0
0.26411818149530175,0.6296648052732234,0
1.5605383963448147,-0.1987486695462482,1
0.6475159169573841,0.8982630046058527,0
1.8295823602928065,-1.4165414027031211,0
-0.3297905725501067,-0.9207382014096397,1
-0.9624334531076104,0.9957004589609362,0
1.4245506970525201,-0.21128962424305076,1
1.2957185421069175,-1.9798128790682976,0
-0.9558003213158951,0.21766562324868477,0
0.47843553679930645,-0.06530173348274843,1
1.0286385609325497,-0.35195812951468114,1
-0.9315485620377323,0.5051743818434324,0
0.09303549662876628,0.9604444344202364,1
1.48479998342739,1.336283493660974,1
1.2103150702249204,-0.7635563065782399,1
0.7664092890777964,0.7359433389141754,0
2.0373093509014044,0.532748874113889,1
-1.9394878239355762,-1.4405009142484653,0
1.3707646687270918,-0.658842609950312,1
0.6251905943660931,0.22010474834035298,0
2.1031978314106423,1.0481890556278664,1
1.1423107663912186,0.4523991884952962,0
0.8368434061547081,-0.09076336170610139,1
-0.6953603843475301,0.11075748610182935,0
0.00037380426083415824,0.4916504514130765,1
2.086336084234233,-0.31620120200228374,1
2.4734088448225964,0.26226916067813266,1
-0.5825800035435383,0.8468348443542724,0
-0.8756045445941132,0.447497061120626,0
0.5482241856530577,0.4224146435883134,1
-0.17448179262872318,0.01949436933267773,1
-0.04928814220179942,0.3115742791080719,1
0.6502215896677838,0.836721242840271,0
1.5763079978220143,-0.530612980929481,1
0.495787740583625,0.44734424346952917,1
1.0092592230192645,0.8305369294191989,0
1.5254678593794797,-0.14388071463823549,1
-0.6291304598496082,0.8996223895606409,0
-1.1345679753770361,0.28113381650837616,0
0.745277299610501,-0.3900330764916966,1
0.35860620428818396,-0.2777720854446684,1
1.41252677948024,-0.2621740892741706,1
-0.8031883818347175,0.6714453955957537,0
-0.11643496634086575,0.8779353849754508,0
0.21639634346932743,-0.15329543095536272,1
-0.3987260553070018,0.24097947202079684,1
0.7460396858069961,-0.09659287930418434,0
3.171622271178433,-1.5031614051015254,0
-0.3864864644971582,-0.6295959511408986,0
-1.0693777433176783,0.17931770577289619,0
0.5640596568644873,0.2813694884842145,0
0.7441037659346901,1.0323969785556413,1
1.5123963103907523,0.42233855457694747,1
-0.10114537593051343,1.077408417533794,0
0.6999655908129857,-0.20237247193836805,1
0.19528695079103525,0.6135647458944032,0
0.7695345589303205,-0.9983528260078046,0
1.2887344526453433,-0.12949540820435357,1
1.000025319761057,-0.3376630964612847,1
0.2507454431748276,0.25379365074820515,1
0.7053200312916188,-1.3176186481694574,0
-2.3020170263632647,0.9444823395785341,1
-0.21000471953399102,-0.7208686770013533,0
1.0811873102875962,-0.7368695953476667,1
-0.8882389379474505,0.6854807562920624,0
-0.23218895018712438,0.6239356332210577,0
-0.19451488698774844,-0.6944256048643969,0
0.9920339709767872,-0.6925663988931106,1
1.5140409951257643,-0.565374452311444,1
-0.8596961791207844,0.9581074193339699,1
-0.5962862608554341,1.067165786333641,0
0.6154212661746623,2.1838152673043085,1
1.0586427194578123,2.234443182420495,0
1.1967828424356621,-0.8127453435786692,1
-0.7376415087667068,0.292109182876401,0
0.7023392469345684,0.9454952904670624,0
-0.26032790064039,0.6808039244366308,1
0.8773457843648047,0.49173652427594877,0
-1.0894341871345923,0.9918563501306132,1
0.10199500793803377,0.46351134848408493,1
-0.20502020572955149,0.8973688711101426,0
0.5326510467496777,0.39765073563085485,0
1.613298623222976,-0.11842743409013379,1
-0.5541693300668928,0.42526669158945263,0
0.7726919116241301,-0.3711247476875592,1
1.0458906575980749,0.03559444467245232,1
1.4256767924464073,-0.2782193333197837,1
2.629084043955909,0.27365945728792357,1
-0.6702856698254154,0.7701429568921327,0
0.6274770172197035,-0.02017572437674464,1
0.09503457541780702,0.24719986658560764,1
1.3628365474995303,0.028149630190072716,0
0.6884022984810589,0.7310449918848633,0
-0.7933164791356062,0.46593453215889613,0
-1.4286951977596374,0.1500910297411868,0
-0.211700289432768,0.7020540101029585,0
0.4791610946933361,-1.0443129948923646,1
0.4143422528846262,-0.13976577705851234,1
1.7254507705516815,-0.14811635605286913,0
-0.8241676488640024,0.27405607998262743,0
3.428937851927987,1.0274494847436564,0
0.3377771149604415,-0.059305309248325166,1
0.1371676393952449,0.43687864671410787,1
1.6650775343982969,-0.14121472620759173,1
2.2379465308857815,0.1941061917243983,1
1.0999389706157863,-0.20420729785471387,1
1.895517931669881,-0.5992033148119129,1
0.3886147353700764,1.144501860582049,0
-0.7534880770606412,0.7486448929648528,0
0.8979498425634361,0.03368380902477362,0
0.8220834461140676,-0.699219755475424,1
-0.11495664840849512,0.539660408354868,1
-0.17308706477159222,0.4530027747238615,1
1.855149023676983,-0.1801571387345871,1
0.4053227077369844,-0.5020781313266215,1
0.22983348412816948,0.7690714857976173,0
0.6754550869978702,0.5583085819137611,0
-0.9229885913051457,2.1184934141622,1
-0.836056791636533,0.30537715470123517,0
1.3697327180411216,0.8140817218681118,1
-0.5845138615712073,1.1685559422776448,0
0.3932105691455792,-0.2015332406998297,1
1.7836593664914089,-0.486670871730472,1
1.9778857201279743,0.20965752993479897,1
-0.2706063060610541,0.4033846107998525,1
0.3107571105802154,-1.1352449889694993,0
0.03272394020563127,1.68049251151829,1
-1.3498953143153476,0.13678764705795154,1
1.5273689599060303,-0.6028390767291651,1
0.9662270049164299,0.4342227539311291,0
2.6751433947316277,0.3589729254668645,1
0.978654718194864,-0.8076195651745457,1
1.229698146180224,-0.40027180797740985,1
0.8953753040200477,0.5516090676145842,0
0.949097720901047,-0.9028247872930042,1
0.43067286809518374,0.47698410792010404,1
3.2483702083293347,0.7239348211089285,0
0.2183808564717914,0.8514110077348462,0
0.1307681595190421,0.1605343316422304,1
0.8810427094627896,0.12035061963093824,0
-0.8887227317442645,0.9690549546587618,0
1.3468756105556272,-1.7746518173975963,0
0.7529907356017866,0.41827322261314653,0
0.9220405609339142,0.7738528202894219,0
1.8343370029078583,-0.2853457907367237,1
-0.8378827526970477,-0.21786379138292955,0
-1.090611251621071,0.8660312651818234,1
0.25979076095433373,0.16421227655228898,1
0.5135655160197384,0.6155971115481325,0
0.1439815118764577,0.8672044574252565,0
0.12787509291778812,1.0298012094044735,0
-0.7132150957491858,-2.079974832834221,1
1.6420462273219776,-0.1090688027430401,1
-0.30165142053457794,0.2974264703949033,1
0.8426912426711881,0.722774604138487,0
-0.3516708220574168,-1.1781126430394597,0
2.031163985448569,-0.2636135276704652,1
0.6384984087973442,-0.5192411285021332,1
-1.0752130284231345,0.2911946012702171,0
-0.36662743966659794,0.33593063650148214,1
1.4863846316715683,1.1750280452414112,0
1.14490677513027,0.1478293449177523,1
0.8907519951794073,0.189426889494419,1
0.5882021716953049,0.853247510038569,0
1.0318138360706133,0.5313960682863436,1
-0.48288448256580213,0.6648339382525391,1
0.16745173795827895,-1.0378970164794397,1
1.568586949192768,-0.7159883477479911,1
0.817966091869426,0.03796160218316613,0
-0.09143410506431794,0.5952365198382334,1
0.4420474774035919,-0.15058303031923823,1
1.845570271031684,-0.39154095448123105,0
0.5101153680441253,-0.0031525562985555977,0
-1.6225975484062092,-0.7950963043001797,0
0.8744781586275031,-0.38798536984277615,1
0.879527892710122,0.7864131565152239,0
0.8162988136728733,1.1241219125958835,0
-0.18393108219635926,0.29470693481338084,0
-0.018419899042299848,0.730585133389283,0
-0.21616674663589142,0.028265851681125442,1
0.7508299407715973,0.4413670862228817,1
-0.31964025796029183,1.2498949856165622,0
1.2460511133285974,-0.7310383558813626,0
0.7369436145500221,0.9984403506956436,0
0.7452219712172783,0.2259434308607507,0
1.3647129193744187,-0.4090482606749716,0
-0.14464554474324193,0.457659121608503,1
1.9075665649015305,-0.29367860949780106,1
1.0831163948861753,0.1270116667560069,0
0.4780953240977439,1.2496528432861482,1
1.386805764255563,-0.45449221723294675,0
-0.440954079173857,0.9307426802342077,0
1.3746027624705368,-0.6695525307696653,1
-0.1552795849163533,-0.2767849415256999,1
0.9935600091725243,-0.21200827318815127,1
0.31576609233279607,0.022090994980330382,1
0.5098233853387748,-0.02779934447878807,1
-1.0954196833248884,1.5595214369871588,1
0.6912143653466334,-0.3495986401430206,1
-0.3955238582302382,0.6919415028662081,0
0.974434502865124,0.9387099108946103,0
0.9542770039680385,0.6274543320605765,0
0.7046087322839798,-0.5430878606464689,0
-0.8832951414458822,0.652417368413856,1
-0.05148309447250082,0.37402902193486315,1
0.04073551010520738,0.28430387736413043,1
1.159345479795584,0.008881919506475433,0
0.25882237401167046,0.216134170625,1
0.9517808126620223,-0.3542877712983713,1
-0.3364113925994563,1.028147407493305,0
2.030681109107867,0.6026760659087412,1
-0.8193537633088017,0.20397662356672353,1
-1.0590102089618723,0.3730985635786877,0
0.13252921847164723,0.4280597113947565,1
-0.6608331372773759,1.0599218986385732,0
1.9742232859254698,1.8661409761615197,0
1.2128485208003121,-0.6406624098312657,1
-0.35792789910417844,0.7187773197255309,0
1.3074842362582535,-0.27928882546794126,0
0.3921506554607488,2.809749743725378,0
0.811897558486732,0.14464747269373343,0
0.43837655553661803,-0.18962521317999045,1
-0.19566156546996996,0.7514641293280246,1
0.520794555164351,-0.4694047318320845,1
1.9149890681159039,-0.1644933547670461,1
-0.18759464147791388,1.1318820003172176,0
0.28431987532229996,-0.27759897974666303,1
-0.5675105998067338,0.19577767412811098,0
2.0551397365015984,-2.2712618947016336,0
1.6463455147500434,-0.5513794689237983,1
0.6285959378906476,-0.4798580305704117,1
1.3586049591259641,0.0446427392592004,0
0.18451051519637723,1.8180405074724093,1
0.004896923406506937,0.5441149915411352,0
0.34051698590301593,-0.5575345122325713,1
1.3866931271048903,-0.09924482155390624,1
2.493539177599737,-1.431162514481497,0
-0.46321099187424664,-0.7739531410020783,0
1.9760609689277784,0.4678333383516816,1
-0.7888146759258208,0.34226320385687387,0
1.0658165946066422,1.0346305089089713,0
0.3172723838475225,0.5554359927471948,1
-0.3413402764923654,0.4120426838831598,1
0.9224308376149242,-0.854539308101,1
0.011784571293728556,1.0670501333281415,0
0.4246629607681809,0.5504381145557637,1
1.7838585681804247,0.9238471146129907,1
0.1086797765900943,0.004858114041764061,1
0.7744899372334799,-0.8955056744867351,1
-1.0150896597704475,0.28106478186754646,0
3.105347321761195,0.0782344654348742,0
0.020862766735175148,-0.18158387501135764,1
1.3812389996614045,-1.1612144293331088,0
0.5946615722330235,-0.02070917947949248,0
1.162200979011672,1.0861957071640878,1
-0.11378082321431585,0.9713563831686542,0
0.6233373033519046,1.2954798869206448,0
1.4280544229566225,-0.717398035572469,1
-1.6383920043248685,0.21122748368265898,0
1.1031132816258704,1.1820893378464614,1
1.2498099350804144,0.49203356693102096,0
2.618268050026566,0.8502456323711873,0
1.0416913746370842,-0.38504877984199504,1
-0.3496098016645624,0.5202305145135631,1
0.940766706028519,0.9802757006723833,0
0.030717159460038973,1.4279533535341362,0
-1.9888234348905338,1.512969579092125,1
-0.21317712756292198,1.1594390225627433,0
3.4079301951473857,0.1869062169053052,0
1.6219007901630023,-0.4752514274645855,1
0.5486348047897915,-0.025167476071781963,1
1.7233445504462124,0.8223150912410024,0
-0.7012600312875109,0.16260143023653978,0
-0.7749875978636735,0.4196918193066417,0
1.106859023948179,0.27988981052371054,0
-0.9188014072616327,0.1579035911388526,0
0.5071182512590703,0.7344996619846197,0
1.8932440898645524,-0.22319031067922615,1
0.6870904973651867,0.6873310199584446,0
1.4337871969990568,-0.1707451996361066,0
-0.9488953833804722,0.6863071070579148,1
2.044497286685714,-0.0508216595183956,1
-1.073100357557747,1.9422289992499722,1
-1.6123027835170898,1.2055596295155235,1
-1.438562267716573,0.9504165020300235,1
1.4202676346254293,-0.8334624787884728,1
1.0268147012800077,0.6241626487170576,0
0.8959717045937059,-0.5472090896553857,1
1.2570524644629903,-0.15424554758715198,1
-1.0978606399132467,0.2435424723236589,0
2.1083747108409776,0.138430154106713,1
0.3526492418454351,0.4611914513495602,0
1.2779963548752145,-0.2744972623170217,1
0.5923555376145696,-0.14719868910361886,1
1.249392546384903,-0.43745380950903,1
1.5781205658213662,1.1502679962551894,1
-0.6188720517689734,-0.072096364012991,1
-0.1552982615186444,1.1294855552568979,0
1.8738553856005542,0.08494814125504213,0
-0.6322227510172939,1.1872065789480257,0
1.9156944383129535,0.4391969871679495,1
-0.5267838659367128,0.8713519513930587,0
0.387822871870836,0.5506115137328101,0
0.6268243627157012,0.34280415594396535,0
-0.7795003528908563,1.1032956122565738,0
0.1058707137666639,-0.37894207927434254,1
2.023176739659409,0.5117739557580757,1
-0.9038924391393706,1.2778389109265267,0
-0.44100513588199963,0.047539409636150776,0
1.1798277269523387,-0.23198620597288488,1
2.5215225927009106,0.13494967369604496,0
0.356114274253243,-0.0009297462778278948,1
1.123169061085589,0.7218448598843813,0
1.610600428359949,-0.5659344281611655,1
1.9081556371988728,0.1770972942263676,1
0.6338862234855535,0.6492681902158137,0
1.4222170961655376,-0.9729981428958492,0
1.8669695830802497,0.10828091232388079,1
1.0850207193071562,-0.08942667136605101,1
-0.6023163289157148,-2.02974708235842,1
1.5883610205430014,-0.25707838719616183,1
1.1164427511070596,-0.2110253085906883,1
2.3071523636680493,0.4439629224160744,1
1.9227395716452254,0.030379939539069603,1
-1.5439599411993834,-2.1833202869275925,0
-1.0542318165510014,0.4622412374025868,0
0.7515225599708277,0.669677200136715,0
0.06420801024995189,0.3484710120565301,1
1.9537988203291423,0.31496185114112263,1
0.5913234394932064,0.9862208215890259,0
0.723863083439214,-0.40537037707974555,1
0.1957245831629078,-0.16321653957667862,1
1.4903472551816637,-0.5082376592692426,1
0.8085724696827881,-0.15650075489923415,1
0.7069329577913843,-0.671900919315946,1
0.9713476830289699,0.20061850214980792,0
1.9532932678917148,0.34035299962345467,1
1.1391356613065449,0.6446900301311047,0
1.722527358817776,-0.17443575168186562,1
1.459824348200373,0.16858593449542214,1
-2.9132308491863212,0.3908611603236377,1
1.6715919934556642,0.8474789533211107,1
1.3859624030462232,2.2788897546003315,1
1.1474808267224903,-0.38680875910717316,1
1.0169267019036787,-0.08627560119442884,1
0.677442275674787,0.6465214238309891,0
-0.5572574676178489,0.7742756747889677,0
-0.49751094547685576,0.8644401775425155,0
0.14326350628934384,0.7348878245241277,1
-0.8016446457062674,0.1457764775895925,0
2.211985621469326,0.11134534862396339,1
0.35869159907435355,-1.1881877041685283,0
-0.1765022863690806,0.364598461259913,1
0.6538979656002715,0.33237175922596135,0
1.9819826629565673,0.11306525477004374,1
1.3386965559279775,0.3173367908742872,1
-0.8596544229965333,0.864011753128633,0
1.385304931842992,0.890829416546591,0
1.6553936026769338,1.3402472516019706,1
2.2195360985683736,0.3148533005215466,1
0.2775627819579513,-0.07416225475430399,1
1.8821797416922998,-0.027520599521426756,1
-0.00883107151074164,1.2142521349325288,0
0.7947696750763613,-0.11044643520287524,0
0.4186549262876235,0.9158623504057528,0
0.7153908953533786,-0.40456335418204914,1
-0.37296832021622284,1.741716897923784,1
0.21371743347122069,0.42558359207424395,1
0.2798498063507453,0.9888952956950583,1
-0.13337458403597302,0.9832346188438373,0
0.8984851499096618,-0.37694599302200293,1
1.5679465786729847,-0.1949983505357199,1
0.5890700254070563,-0.20360845178509296,1
-0.23300051807095612,-1.6269283983881868,1
0.5521575595598105,1.272622361356611,0
1.7818597337504642,0.24686504836119139,1
1.9225867114733886,-0.477589316391721,1
2.052312095034962,0.2994869585819762,1
0.17107760392437948,0.8547738819442481,0
0.02060796067977,0.06085143846236446,0
-0.43989827854901165,1.160047439195587,0
0.7406905164413607,-0.11302526278126503,0
-0.23134697007268035,0.9824785297929621,0
0.9740318532403662,1.213045595680006,0
1.4780668081203543,-0.3890181460162943,1
-0.37776249862392197,1.0566029845149008,0
1.714075051056907,-0.5853664461453517,1
1.1044699499310062,-0.5348322377920232,1
0.5809353830110611,-0.26395445460134026,1
-0.029695091206986178,0.4318666636621812,1
1.6309236857226246,0.48286907627579656,1
2.0385054079726,-0.9468467191669228,0
-0.12296437101689273,0.19788055330752036,1
0.004310556746247855,0.13360597681026903,1
1.4824927729480757,-0.18993689330806407,1
0.6632416106295718,-2.263524017651616,0
-0.8349293522337834,0.23064028427417682,0
0.8684677499644573,-0.14277655145476242,1
-0.1660671791913197,0.17146282789005232,1
1.9125014991657687,-0.33987915610164754,1
0.41573143575403154,0.7902083017322855,0
0.6214502869349678,1.1480509455498065,0
2.2295659124252043,0.4876804342652557,1
1.4527265007955585,-0.11403758237971773,1
0.20124572096349982,3.458325870222966,1
-0.7571281810807542,1.6244347023775383,0
0.8886627626047241,-0.5645196954938978,1
0.868279219758004,-0.32472624252542526,1
1.9614060594483331,0.3080300722893732,1
-0.3872709628606565,0.4737020786665134,1
-0.9580765814539329,0.6170687618951399,0
0.7936307305288636,0.8933100239786649,0
0.0838657398635172,0.6578491829702293,1
0.83888908987674,0.5963590353118566,0
-1.048942744477806,0.5443473220798519,0
1.1906583875490164,-0.16102555126184792,1
0.584226369708248,0.8776420280064756,0
1.211694082734992,-0.5262863318468974,1
0.06170466691460064,0.8730684282045132,0
0.11985088767275238,1.0765314941388482,0
1.668703214858303,-0.09425701658529853,1
-0.6679255502927159,0.6880547571481714,0
0.3697067298356201,0.5393531195632367,0
0.06381134825547202,0.7563753321926601,0
0.5149565427090623,-0.18035143868698122,1
0.023191804185277554,0.7705947942553026,0
1.8555132796619793,0.045448331906757844,1
-0.08650035439304266,0.6187509325044642,0
0.6687721827854217,-0.3886451818815515,1
0.630064718347845,0.8171289898544976,0
-0.456494063895085,0.24909340883657363,1
1.3379933654857163,0.07579155678395533,0
0.101387120376356,1.1707574696297138,1
-0.6104695974283441,-0.6247213015657216,0
0.9102364954576613,-0.268402717701792,1
1.5936401047035473,-0.09902958755451437,1
-1.5403986659705453,-1.0331374964083273,1
-0.24237197195895382,-0.4049274793260832,1
2.135336742568832,0.8945563470567677,1
0.19071445020762615,1.1662135912815967,0
-0.07200902297602253,0.45237629538117663,1
0.4649676364751845,-0.006836402822398495,1
-0.0508464159416262,-0.042330195740604704,0
0.4356837464380814,0.3401790716921091,1
-0.8171382801086238,-0.03427540781148508,1
1.883124373138482,0.6126311570408897,1
1.815104354422933,0.29495981194335974,1
0.3698123940948751,-1.663207464461201,0
-0.0951683079984686,0.35240841834888625,1
1.6218752077345133,-0.6446998073006169,1
-1.7998316692049898,-0.06930474569191403,1
-0.2194288868098045,0.2530212846867612,1
-1.517519568687142,0.33107613677597403,0
-1.1467097976742429,0.4838111018525519,0
1.0039022839454719,-1.4132032790095028,0
-3.3639015921392446,-1.765660075138474,1
0.3969295739379396,-0.3081834370277884,1
1.9857444519831902,-0.002401651997699511,1
-0.8066829779668381,0.6785060128236038,0
0.0654432308900178,1.5249256914820764,1
1.4576733703127382,-0.00806881005584903,1
-0.9531849652220542,-0.023534198225692193,0
0.3651338058218589,-0.06071023414592108,1
0.9397342416852769,-0.72619196692982,1
0.9657862544812763,-0.454824225566273,0
1.574016947709692,-0.11284384866226671,1
0.5450092462302469,0.9759571796571117,0
0.811497791961525,0.39155110990133624,1
0.43903579962755535,-0.6467563739163897,1
0.6672602873081066,-0.5534810617271494,1
-0.2820822079414461,0.8652462702510145,0
0.1916023025516265,-0.44795503165209405,1
1.308270643005319,1.2717992897996888,0
2.0218302381326465,-0.3328062647093956,1
0.012977595790824829,-0.021986942550619726,1
0.48677800572230095,0.08685408368336861,1
1.6049238575467066,-0.5414133709680933,1
0.05747067401698916,-0.38712881742123745,1
0.6957738570160424,0.13367912398630116,1
0.8761130734534035,0.7133329790772318,0
0.35710154656085236,-0.37670286446144263,1
-0.515884611435009,0.7199807807081423,0
-1.913727978947891,0.8411935736853624,1
1.3947149665408571,-0.19739858759335094,1
1.7939860978205333,-0.4050093194209381,1
0.9504542622815659,-0.6246195543391028,1
0.7145574782215542,-0.42864311067563443,1
0.8557644684791976,0.7131605918576669,0
0.8442929996004152,0.5347912278870148,0
1.902087720233436,-0.48015560656985423,1
1.1637897148070824,0.2367210361164736,0
1.4179856979007746,-0.3576037140536002,1
0.7399540175494712,0.9687601568478522,0
-0.5758601469384297,0.6152640497099958,0
0.18662888931449553,1.0471429506845376,0
-0.40850046175457433,0.4474495806767017,0
-0.754749112296598,1.1737642660035343,0
-0.9164907380393222,0.17005506885739147,0
1.5887892054541595,-0.30381148702758354,1
0.2780428171970353,0.5155809630672404,1
-1.18746467935271,0.0827373730851364,0
0.9170439993687787,0.12955780170246312,0
-0.3328870497435066,-2.0095676657557404,1
1.6425305839821023,-0.4390186093048245,1
-1.120474754268468,0.6067886302132748,0
-0.4187786412495454,1.0355456202463886,0
0.1441292615618585,0.8333930224438988,0
0.8626084973682786,-0.3475673882566595,1
0.6302573791305075,1.1096310662743976,0
0.6774650467079921,-0.30074615706128255,1
1.940560138607248,0.0734737303769955,1
1.0463386467662488,-0.773003679596526,1
-0.6222579292260465,0.5923253921165306,0
0.12098391649081729,0.06409605510171273,1
-0.252503730013578,1.2307141173563183,0
1.4481269763716171,-0.4422572758126666,1
-0.9371331357557686,0.2142675519204813,0
2.0467335992000217,-1.2434605190044759,0
0.1436167660766331,0.5245750705570187,0
1.6752759749357682,-0.7833638507949414,1
0.19167313338061615,0.8099161432371434,0
0.6948897853612894,0.49540764465649323,0
0.15094610861576013,0.05266831516208917,1
-0.2945061945143371,1.1744858716337752,0
0.6170668414602645,0.19266367612999585,1
1.8791768431525187,0.3558893214553795,1
-1.1039321369350907,0.6439404026292759,1
1.3958778902738556,0.5408223690085019,0
1.3546804400488717,-0.31536586243152515,1
1.4194999773693535,-1.203689262211333,0
0.5814186866535327,1.3998622214322094,0
-0.2782939535476985,-1.040890075026617,1
0.3759592301663018,-0.1816197529013615,1
-0.9959307936307386,0.42284128912053026,0
2.028856259119293,0.3407743176702342,1
0.5081167891731913,0.40087750272120865,0
0.6327801462175582,-0.3366157636427512,1
-1.4495853832211139,0.43969993131020085,0
0.504017774703967,-0.18911196891924403,1
-0.23905198711311298,0.8711499933681484,0
1.2860674005874075,-0.06152333188615722,0
-0.2814010924177254,1.0822599093658365,1
-0.8989161484393338,0.47267608053437477,0
-0.13452023153328374,0.8803673094357033,0
0.5054563717392806,0.43939592851139275,0
0.8140905489615388,-0.33628613342493846,1
0.7964513795088213,-0.4543799288159193,0
0.13165225931116836,0.21437522479944132,1
2.0562958103303646,0.7554658013722244,1
0.6417067825202185,-0.564615521240805,1
-1.2680608381739793,0.1147338831112918,0
2.028599848555816,0.36181546127640807,1
0.53087500055674,0.1888636053648543,1
1.2633213316119032,-0.6315109208552395,1
0.6143094316498744,0.6099612156358601,0
2.790581783355352,0.8859812003565185,0
0.07768451522842898,-0.15378179041794676,1
-1.4393457739858484,0.7359730586482216,0
1.918386316605468,0.031062629377693995,1
-0.4298056316225892,1.0144706959276455,1
-0.005532486838994988,-0.6810935418876942,0
1.4406524948944355,-0.9029768707918446,0
0.5358922818768963,1.2907779637674768,0
0.9525587574353418,-0.059929376256720124,0
0.17185428061580277,-0.09446642076338962,1
-0.17702561086032276,0.9193503857169063,0
1.3252648142491956,-0.20339447102528102,1
0.9816683022592549,-1.9358118256570183,1
0.6128037662982803,-0.4436533858398504,1
-1.24912869345886,2.260540054741845,1
0.7338765634512878,-0.41517202045074253,1
1.273894094951887,0.7179387267468024,0
1.2576763161570437,-0.6145043335516484,1
1.8469563246437621,0.18037891377227286,1
0.93566215106651,0.7543249655707824,0
-0.2173152265968874,1.278386728558321,0
-0.5833602692198785,0.5889930353070278,0
1.6249089031588821,0.904395906756968,1
2.2749225929209396,-0.8923894287755811,1
2.023128776610669,-0.45995337250413176,1
1.8788164887175345,0.12455899088405965,1
1.1712202855457123,-0.6516556513678948,1
2.254601037185215,-0.16828392703261302,1
